duration_days,survival,ci_lower,ci_upper,at_risk
0.0,1.0,1.0,1.0,2668
1.0,0.5509745127436283,0.5318864641370978,0.5696248121021991,2668
2.0,0.3981138265223218,0.37950082012548064,0.4166526751828002,1467
3.0,0.324291395114209,0.3065734189470935,0.3421186668931185,1057
4.0,0.2741976023729898,0.2573744793775654,0.29125875312101646,861
5.0,0.23346398331345355,0.2175656516644501,0.24970839985805895,727
6.0,0.2025366058793612,0.187480095027839,0.21802377403428716,619
7.0,0.18213179857061956,0.1677055376647058,0.19704609859388458,536
8.0,0.16626139288604272,0.15237333400262928,0.18068309918261777,482
9.0,0.15411444180761033,0.14066731484994793,0.168131013943077,438
10.0,0.14272667517158003,0.12972062275798016,0.1563363465620672,406
11.0,0.13551442296876076,0.12280279471426937,0.14885165390784968,376
12.0,0.1290613552083437,0.11662383011330846,0.14214439743068166,357
13.0,0.12106640400074722,0.10898222668775422,0.13382126003576578,339
14.0,0.1111678929818182,0.09954631330087453,0.12349190660231261,318
15.0,0.1038844793036991,0.09262000000350512,0.11587560249646568,290
16.0,0.09928442855962381,0.0882548922397538,0.11105613878368208,271
17.0,0.09506771537755491,0.08426039280821392,0.10663162390920163,259
18.0,0.09085100219548595,0.0802728417747485,0.10220034099575506,248
19.0,0.08740096413742951,0.0770157676720771,0.09856942137179872,237
20.0,0.08392039476912479,0.07373323863125747,0.09490344917895845,226
21.0,0.0796663655411968,0.06972901501932852,0.09041527274637537,217
22.0,0.07695925603251533,0.06718557350078762,0.0875545894278408,206
23.0,0.07618579617289208,0.06645957724824594,0.08673656947383504,199
24.0,0.07347868666421063,0.06392113553318052,0.08387102541952951,197
25.0,0.06999811729590594,0.06066349435946804,0.08018085503129706,190
26.0,0.06767773771703613,0.058495735454660046,0.07771685252846434,181
27.0,0.06690427785741286,0.05777389161784236,0.07689479697293032,175
28.0,0.06419716834873142,0.05525047878352926,0.07401464870540442,173
29.0,0.0630299471060272,0.05416346647862296,0.07277196139215722,165
30.0,0.06224696639663555,0.05343447166973984,0.0719382655851476,161
31.0,0.061855476041939736,0.05307013941269265,0.07152125745943601,159
32.0,0.05872355320437315,0.05015957297964123,0.06818122327984462,158
33.0,0.05754908214028569,0.04907005361800544,0.06692682579086086,150
34.0,0.05754908214028569,0.04907005361800544,0.06692682579086086,147
35.0,0.05597239495836006,0.047608350267919326,0.06524213770334855,146
36.0,0.05517846027809961,0.04687267387130517,0.06439358484787724,141
37.0,0.05437877244798223,0.04613177408176864,0.06353889788590858,138
38.0,0.05317924070280612,0.04502151096431674,0.06225581561317412,136
39.0,0.05237955287268872,0.044282076964730625,0.061399709767424884,133
40.0,0.05197970895763004,0.04391258693288147,0.060971437159043546,131
41.0,0.051579865042571345,0.043543250299571803,0.06054301607986613,130
42.0,0.0503517730177482,0.042407512617244736,0.05922910768281449,126
43.0,0.049939053566783055,0.042025902904151854,0.058787557866785016,122
44.0,0.04952633411581788,0.041644476925667515,0.05834583061769631,121
45.0,0.04622457850809668,0.03859993157760237,0.05480538598368218,120
46.0,0.045399139606166414,0.03784078223860606,0.05391835628182594,112
47.0,0.044573700704236115,0.037082465489574286,0.053030522759679836,110
48.0,0.043748261802305795,0.036325001732051915,0.052141865770947086,108
49.0,0.042510103449410364,0.03519045243762076,0.050807291054103455,106
50.0,0.041271945096514925,0.034057947065736366,0.04947074350344984,103
51.0,0.040446506194584626,0.03330411928177429,0.048578577018418924,100
52.0,0.038795628390724014,0.03179940271502863,0.046791407928750854,98
53.0,0.03797018948879372,0.031048569708287146,0.04589635168498236,94
54.0,0.037144750586863416,0.030298793222648283,0.045000276169666335,92
55.0,0.03673203113589826,0.029924311041276803,0.04455184670253036,90
56.0,0.03549387278300281,0.028802538753960803,0.04320494340807251,89
57.0,0.033842994979142234,0.02731091589726509,0.04140514392140663,86
58.0,0.033017556077211914,0.02656693676693698,0.040503477506963266,82
59.0,0.03260483662624678,0.02619542337627696,0.040052185258602525,80
60.0,0.030128519920455878,0.023973369610894968,0.03733765969992866,79
61.0,0.029303081018525585,0.02323551163949388,0.036430094348251514,73
62.0,0.028477642116595297,0.022499158115833064,0.03552107990169558,71
63.0,0.02723948376369983,0.021397582286125545,0.0341547132083423,69
64.0,0.025175886508874097,0.01957006894365316,0.031869305201700567,66
65.0,0.02476316705790894,0.019205918217029834,0.031410922789417206,61
66.0,0.023923737666115413,0.018465248273327416,0.030479366114985605,59
69.0,0.022244878882528366,0.01699041008483788,0.028610007925341227,57
70.0,0.02138930661781573,0.0162405509517767,0.027656636517611702,52
71.0,0.020961520485459417,0.01586661786019961,0.027178995557198455,50
73.0,0.020533734353103107,0.015493373525169577,0.02670069450999041,49
74.0,0.019678162088390475,0.014749030132450361,0.025742037047870203,48
76.0,0.018822589823677842,0.014007689417046543,0.024780503913040677,46
80.0,0.01839480369132153,0.013638202847458213,0.024298604120373546,44
83.0,0.01839480369132153,0.013638202847458213,0.024298604120373546,43
84.0,0.017518860658401463,0.012881742987357017,0.02331326172506259,42
85.0,0.017080889141941415,0.012504945026317226,0.022819222556409623,40
87.0,0.016204946109021352,0.01175437914428464,0.02182825125819652,39
88.0,0.015329003076101277,0.011008100654699753,0.0208331891846016,37
92.0,0.014453060043181207,0.010266442944983868,0.01983372209684857,35
93.0,0.01401508852672117,0.009897464374823849,0.019332226116347866,33
95.0,0.013577117010261128,0.00952978910876679,0.018829489622867995,32
108.0,0.013577117010261128,0.00952978910876679,0.018829489622867995,31
111.0,0.013124546443252423,0.009149250889769247,0.018312109186794424,30
120.0,0.013124546443252423,0.009149250889769247,0.018312109186794424,29
121.0,0.012655812641707691,0.008754482660170555,0.017778686418347994,28
126.0,0.012655812641707691,0.008754482660170555,0.017778686418347994,27
127.0,0.011682288592345562,0.007935631379422443,0.016674223516405594,26
137.0,0.0111955265676645,0.007529905831085777,0.016118497131514586,24
142.0,0.010708764542983437,0.007126820328561703,0.015560280800555088,23
153.0,0.010222002518302365,0.0067265227594440246,0.014999438445901707,22
156.0,0.0097352404936213,0.006329178092909218,0.014435818730263844,21
157.0,0.009248478468940237,0.00593497126852872,0.013869252579323423,20
158.0,0.009248478468940237,0.00593497126852872,0.013869252579323423,19
184.0,0.00873467410955467,0.005517932415663988,0.0132769308781791,18
190.0,0.008220869750169097,0.0051053400743527825,0.012680457912549266,17
193.0,0.007707065390783529,0.004697525277804535,0.012079537304926821,16
199.0,0.007193261031397959,0.004294872294099222,0.011473827457325326,15
202.0,0.006679456672012392,0.0038978313534202506,0.010862931573575287,14
241.0,0.0061656523126268235,0.0035069356164533234,0.010246384727022766,13
244.0,0.005651847953241253,0.003122824255875394,0.00962363688854875,12
248.0,0.005138043593855685,0.0027462745873793573,0.008994030379992893,11
280.0,0.004624239234470118,0.002378248018253195,0.008356769607570555,10
300.0,0.004110434875084548,0.0020199578743113496,0.007710880217483948,9
312.0,0.003596630515698979,0.0016729734009598022,0.007055154454620134,8
321.0,0.0030828261563134113,0.0013393867996750037,0.006388081588584564,7
324.0,0.002569021796927842,0.0010220974954789686,0.0057077759439782315,6
354.0,0.002055217437542274,0.0007253332855434542,0.005011983240788747,5
435.0,0.0015414130781567057,0.0004557055271745387,0.004298606568599469,4
480.0,0.0010276087187711367,0.00022466423033750993,0.0035696254614166058,3
531.0,0.0005138043593855684,5.548354229999293e-05,0.002869978367313551,2
626.0,0.0005138043593855684,5.548354229999293e-05,0.002869978367313551,1
